{"0,0,0,0,1,0,1,1": [21.608963012695312, 18.201372146606445, 20.058319091796875], "0,0,0,0,1,0,0,1": [17.47653579711914, 15.132290840148926, 25.94708251953125], "0,0,0,1,0,1,0,2": [17.568296432495117, 16.51648712158203, 20.03072166442871], "0,0,0,1,0,1,0,1": [17.46234130859375, 19.54854965209961, 17.136484146118164], "0,0,1,1,0,1,0,3": [17.429157257080078, 18.46835708618164, -9.774715423583984], "0,0,0,1,0,1,0,3": [20.42299461364746, 18.484514236450195, 19.24427604675293], "0,0,0,1,0,0,0,3": [18.782432556152344, 15.713772773742676, 25.356332778930664], "0,0,0,1,0,0,0,0": [25.927064895629883, 18.367733001708984, 17.939537048339844], "0,0,0,1,0,0,1,3": [18.312978744506836, 16.625120162963867, 18.992563247680664], "0,0,0,1,0,0,1,2": [17.504030227661133, 20.34322738647461, 17.72415542602539], "0,0,1,1,0,0,1,0": [16.654293060302734, 17.743173599243164, -9.576087951660156], "1,0,1,1,0,0,1,1": [-1.9000000953674316, 18.335407257080078, -1.9000000953674316], "0,0,0,1,0,0,0,1": [17.702333450317383, 24.951112747192383, 15.844738960266113], "0,0,0,1,0,0,0,2": [12.529606819152832, 17.256269454956055, 15.449175834655762], "0,0,0,1,0,0,1,0": [19.278276443481445, 19.153209686279297, 19.467370986938477], "1,0,0,1,0,0,1,3": [-9.942736625671387, 10.018136978149414, 19.776308059692383], "0,0,0,1,0,0,1,1": [20.717540740966797, 19.602420806884766, 18.73249626159668], "1,0,0,1,0,1,0,1": [-9.999635696411133, 18.813037872314453, 12.785001754760742], "0,1,0,1,0,1,0,2": [17.447967529296875, -9.99757194519043, 20.023509979248047], "1,1,0,1,0,1,0,2": [-7.1757049560546875, -5.217031002044678, 18.72020149230957], "1,1,1,1,0,1,0,1": [-7.458134651184082, -7.458134651184082, -7.7123212814331055], "0,0,0,1,0,1,0,0": [18.657447814941406, 21.430925369262695, 17.684127807617188], "0,0,0,0,0,1,0,0": [17.279621124267578, 25.198871612548828, 14.832488059997559], "0,0,0,0,0,1,0,3": [26.29749298095703, 18.615745544433594, 18.229084014892578], "0,0,1,0,0,1,0,0": [16.02573585510254, 23.60879898071289, -9.476652145385742], "1,1,0,1,0,1,0,1": [-1.0, -1.0, 9.445223808288574], "0,0,0,0,1,1,0,1": [16.7711124420166, 17.024032592773438, 18.484926223754883], "0,0,0,0,1,1,0,0": [17.04128646850586, 20.570392608642578, 16.956829071044922], "1,0,0,0,1,1,0,1": [-9.997302055358887, 13.30484676361084, 16.938827514648438], "0,1,0,0,1,1,0,2": [17.98528289794922, -9.998838424682617, 21.228687286376953], "0,0,0,0,1,1,0,3": [21.914724349975586, 18.985910415649414, 18.217403411865234], "0,0,0,0,1,1,0,2": [21.782642364501953, 18.587907791137695, 19.04010772705078], "1,1,0,0,1,1,0,1": [-1.9000000953674316, -1.9000000953674316, 19.15576934814453], "0,0,0,0,0,1,0,2": [17.821491241455078, 15.700069427490234, 26.02911376953125], "0,0,0,0,0,1,0,1": [14.872954368591309, 13.85326099395752, 18.425947189331055], "0,0,0,0,1,0,1,0": [17.8431453704834, 17.36904525756836, 20.464365005493164], "0,0,0,0,1,0,1,2": [19.588138580322266, 20.217578887939453, 18.49635887145996], "0,0,0,0,1,0,1,3": [17.577194213867188, 17.942230224609375, 17.23253059387207], "1,0,0,0,1,0,0,1": [-9.852190971374512, 10.003885269165039, 21.904319763183594], "1,0,0,0,0,1,0,2": [-9.528986930847168, 7.801909446716309, 23.239782333374023], "0,0,1,0,0,1,0,1": [2.314178228378296, 16.39324951171875, -6.125794887542725], "1,0,0,1,0,1,0,2": [-9.997002601623535, 13.863884925842285, 18.41746711730957], "1,0,0,0,0,1,0,1": [-8.146980285644531, 4.890738010406494, 16.512155532836914], "0,0,1,0,1,1,0,0": [15.882059097290039, 19.39622688293457, -9.999595642089844], "1,0,1,0,1,1,0,1": [0.0, 14.51748275756836, 0.0], "0,0,0,0,1,0,0,3": [18.62982940673828, 24.65355110168457, 15.97897720336914], "0,0,0,0,1,0,0,0": [14.72132682800293, 18.30312156677246, 14.954416275024414], "0,0,0,0,0,0,1,2": [17.875083923339844, 24.374841690063477, 14.558185577392578], "0,0,0,0,0,0,1,0": [18.249425888061523, 15.793622970581055, 25.1607723236084], "1,0,0,0,0,0,1,3": [-4.095099925994873, 14.252697944641113, 2.6837375164031982], "1,0,0,0,1,0,1,3": [-9.852190971374512, 20.136747360229492, 9.944615364074707], "0,1,0,0,1,0,1,0": [15.897472381591797, -9.892247200012207, 20.115739822387695], "1,1,0,0,1,0,1,0": [-3.439000129699707, -5.6953277587890625, 17.027761459350586], "0,0,0,0,0,0,1,3": [11.329955101013184, 12.67439079284668, 18.396106719970703], "1,0,0,1,0,0,1,2": [-9.962430000305176, 17.7731990814209, 12.840605735778809], "0,1,0,1,0,0,1,3": [14.874687194824219, -9.929304122924805, 17.514741897583008], "1,0,0,0,1,1,0,0": [-9.991405487060547, 17.329872131347656, 13.979029655456543], "0,0,1,0,1,1,0,3": [18.499969482421875, 19.254758834838867, -9.999059677124023], "1,0,1,0,1,1,0,0": [-5.6953277587890625, 19.04192352294922, -5.6953277587890625], "0,0,0,0,1,0,0,2": [27.681034088134766, 17.8839054107666, 18.169260025024414], "0,1,0,0,1,1,0,1": [15.809562683105469, -9.9661865234375, 19.675273895263672], "1,0,0,0,1,0,1,0": [-9.972611427307129, 12.93448543548584, 18.61897850036621], "0,1,0,0,1,0,1,1": [19.328441619873047, -9.993038177490234, 19.98467254638672], "0,0,0,0,0,0,1,1": [24.3718204498291, 18.917945861816406, 18.68269920349121], "0,0,1,1,0,0,1,2": [12.47905158996582, 19.554126739501953, -9.528986930847168], "1,0,1,1,0,0,1,3": [-1.9000000953674316, 13.386838912963867, -1.0], "0,1,0,1,0,1,0,0": [16.810260772705078, -9.618478775024414, 17.48904800415039], "0,1,0,1,0,0,1,0": [19.66482925415039, -9.990450859069824, 20.24202537536621], "0,1,0,1,0,0,0,3": [16.591571807861328, -8.784234046936035, 24.821334838867188], "0,0,1,1,0,0,1,1": [18.73078727722168, 19.865631103515625, -9.892247200012207], "0,1,0,1,0,0,1,1": [17.900068283081055, -9.721870422363281, 12.946276664733887], "0,0,1,1,0,1,0,2": [17.322185516357422, 12.738103866577148, -9.282102584838867], "0,0,1,1,0,1,0,0": [18.229970932006836, 21.249120712280273, -9.99931526184082], "1,0,1,1,0,1,0,1": [-2.7100000381469727, 13.242459297180176, -6.125794887542725], "0,1,0,0,0,1,0,2": [10.38432788848877, -8.905810356140137, 23.489707946777344], "1,1,0,0,0,1,0,1": [0.0, -1.0, 6.603578090667725], "0,0,1,0,1,1,0,2": [16.944856643676758, 18.2735595703125, -9.774715423583984], "1,1,0,0,1,1,0,0": [-1.0, -1.9000000953674316, 15.48594856262207], "1,0,0,1,0,0,0,2": [-7.1757049560546875, 15.045719146728516, 4.875998020172119], "1,1,0,1,0,0,1,3": [-6.125794887542725, -4.095099925994873, 15.594112396240234], "1,0,0,1,0,0,0,1": [-9.476652145385742, 24.238988876342773, 5.559572219848633], "1,1,0,1,0,0,1,2": [-4.095099925994873, -1.9000000953674316, 16.105751037597656], "1,1,0,1,0,0,0,2": [-1.9000000953674316, 0.0, 8.037201881408691], "1,0,0,0,0,0,1,2": [-9.35389232635498, 23.346656799316406, 7.531280517578125], "0,1,0,0,0,0,1,3": [1.5443615913391113, -4.095099925994873, 15.950525283813477], "0,0,1,0,0,0,1,1": [24.65867805480957, 18.460201263427734, -9.903022766113281], "1,0,1,0,0,0,1,2": [-2.7100000381469727, 23.852205276489258, -2.7100000381469727], "0,1,0,1,0,1,0,1": [10.47947883605957, -8.784234046936035, 17.197235107421875], "1,0,1,0,1,1,0,3": [-5.217031002044678, 17.8643856048584, -2.7100000381469727], "1,0,1,1,0,0,1,2": [-4.095099925994873, 17.818866729736328, -4.685589790344238], "1,1,1,1,0,0,1,3": [-6.5132155418396, -6.125794887542725, -6.125794887542725], "0,0,1,1,0,1,0,1": [13.523097038269043, 17.66242027282715, -9.980033874511719], "1,0,1,1,0,1,0,2": [-1.9000000953674316, 14.878166198730469, 0.0], "0,1,0,1,0,1,0,3": [20.612789154052734, -9.999825477600098, 19.347999572753906], "0,0,1,1,0,0,0,1": [10.141827583312988, 25.48306655883789, -7.7123212814331055], "0,1,0,0,0,1,0,3": [23.577714920043945, -9.866971969604492, 16.93475914001465], "0,1,1,0,1,1,0,1": [11.902849197387695, -4.685589790344238, -2.7100000381469727], "1,0,0,0,1,0,0,3": [-9.528986930847168, 26.111045837402344, 11.47426700592041], "0,0,1,0,1,0,0,2": [24.61341667175293, 18.076154708862305, -9.892247200012207], "1,0,1,0,1,0,0,3": [-4.095099925994873, 24.118207931518555, -4.685589790344238], "0,0,1,0,1,0,1,2": [19.053966522216797, 21.070331573486328, -9.983827590942383],